X coord (mm),Y coord (mm)
7.62012,2.64159
2.59025,0.123941
5.64449,0.0274306
8.42173,0.278475
0.0842227,2.17035
2.53471,2.4322
5.52104,2.53415
8.49662,2.46603
11.423,2.50232
0.269372,4.97178
2.42541,5.46865
5.47217,5.46979
8.48589,5.52336
10.5959,5.11434
