X coord (mm),Y coord (mm)
10.2633,3.1592
1.92917,0.974823
4.85951,0.96661
7.95168,0.924075
10.959,0.872933
1.81069,3.92587
4.88119,4.07804
7.88547,3.98003
11.0704,3.85643
1.80598,7.14352
4.88283,6.92162
7.97668,7.00067
10.8665,6.86499
2.13564,9.88988
5.01702,9.95367
8.00824,10.0134
11.0084,10.0945
